{
  "version": 2,
  "data": {
    "byg:balliumfields": "PLAINS",
    "byg:balps": "SNOW_HILLS",
    "byg:bamaranth_fields": "PLAINS",
    "byg:bancientforest": "PLAINS",
    "byg:baspenforest": "PLAINS",
    "byg:bbaobabsavanna": "DESERT",
    "byg:bbayou": "PLAINS",
    "byg:bbluetaiga": "PLAINS",
    "byg:bbluff_mountains": "HILLS",
    "byg:bbog": "PLAINS",
    "byg:bborealforest": "PLAINS",
    "byg:bchaparrallowlands": "FOREST",
    "byg:bcherrygrove": "PLAINS",
    "byg:bcikaforest": "PLAINS",
    "byg:bcolored_canyons": "DESERT",
    "byg:bconiferousforest": "PLAINS",
    "byg:bcrystal_canyons": "DESERT",
    "byg:bcypress_swamplands": "PLAINS",
    "byg:bdeadsea": "WATER",
    "byg:bdeciduousforest": "PLAINS",
    "byg:bdovermoutains": "FOREST_HILLS",
    "byg:bdunes": "DESERT_HILLS",
    "byg:bebonywoods": "FOREST",
    "byg:benchantedforest": "PLAINS",
    "byg:bevergreentaiga": "FOREST",
    "byg:bfloweringplains": "PLAINS",
    "byg:bfrostyforest": "PINES",
    "byg:bfungaljungle": "JUNGLE",
    "byg:bgiant_blue_spruce_taiga": "FOREST",
    "byg:bgiant_seasonal_spruce_taiga": "FOREST",
    "byg:bgiant_snowy_spruce_taiga": "PINES",
    "byg:bglaciers": "SNOW",
    "byg:bglowshroombayou": "PLAINS",
    "byg:bgrasslandplateau": "PLAINS",
    "byg:bgreatlakes": "SWAMP",
    "byg:bgreatoaklowlands": "PLAINS",
    "byg:bjacarandaforest": "DENSE_FOREST",
    "byg:blushdesert": "PLATEAU_MESA",
    "byg:bmangrovemarshes": "PLAINS",
    "byg:bmapleforest": "PLAINS",
    "byg:bmarshlands": "PLAINS",
    "byg:bmeadow": "PLAINS",
    "byg:bnorthernforest": "PINES",
    "byg:borchard": "PLAINS",
    "byg:boutback": "DESERT",
    "byg:boutlands": "SAVANNA",
    "byg:bpine_lowlands": "PLAINS",
    "byg:bpinemountains": "HILLS",
    "byg:bprairie": "PLAINS",
    "byg:bquagmire": "PLAINS",
    "byg:bred_outlands": "SAVANNA",
    "byg:breddesert": "DESERT",
    "byg:bredoakforest": "FOREST",
    "byg:bredwoodtropics": "DESERT",
    "byg:bsavannacanopy": "DESERT",
    "byg:bseasonalbirchforest": "PLAINS",
    "byg:bseasonaldeciduous": "PLAINS",
    "byg:bseasonalforest": "PLAINS",
    "byg:bseasonaltaiga": "PLAINS",
    "byg:bshrublands": "SAVANNA",
    "byg:bskyrishighlands": "HILLS",
    "byg:bsnowyconiferousforest": "SNOW",
    "byg:bsnowydeciduousforest": "SNOW",
    "byg:bsnowyevergeentaiga": "PINES",
    "byg:bsnowypinemountains": "SNOW_HILLS",
    "byg:bsonorandesert": "DESERT",
    "byg:bstellatapasture": "PLAINS",
    "byg:bstone_brushlands": "PLAINS",
    "byg:btropical_islands": "SWAMP",
    "byg:btropicalmountains": "DENSE_FOREST_HILLS",
    "byg:btropicalrainforest": "FOREST",
    "byg:bweepingwitchforest": "PLAINS",
    "byg:bwhisperingwoods": "PLAINS",
    "byg:bwoodlands": "PLAINS",
    "byg:bzelkovaforest": "PLAINS",
    "iceandfire:glacier": "SNOW",
    "minecraft:beaches": "SHORE",
    "minecraft:birch_forest": "BIRCH",
    "minecraft:birch_forest_hills": "BIRCH_HILLS",
    "minecraft:cold_beach": "SHORE",
    "minecraft:deep_ocean": "WATER",
    "minecraft:desert": "DESERT",
    "minecraft:desert_hills": "DESERT_HILLS",
    "minecraft:extreme_hills": "MOUNTAINS",
    "minecraft:extreme_hills_with_trees": "MOUNTAINS_ALL",
    "minecraft:forest": "FOREST",
    "minecraft:forest_hills": "FOREST_HILLS",
    "minecraft:frozen_ocean": "ICE",
    "minecraft:frozen_river": "ICE",
    "minecraft:hell": "CAVE_WALLS",
    "minecraft:ice_flats": "SNOW",
    "minecraft:ice_mountains": "SNOW_HILLS",
    "minecraft:jungle": "JUNGLE",
    "minecraft:jungle_edge": "JUNGLE_EDGE",
    "minecraft:jungle_hills": "JUNGLE_HILLS",
    "minecraft:mesa": "MESA",
    "minecraft:mesa_clear_rock": "PLATEAU_MESA",
    "minecraft:mesa_rock": "PLATEAU_MESA_TREES",
    "minecraft:mushroom_island": "MUSHROOM",
    "minecraft:mushroom_island_shore": "SHORE",
    "minecraft:mutated_birch_forest": "TALL_BIRCH",
    "minecraft:mutated_birch_forest_hills": "TALL_BIRCH_HILLS",
    "minecraft:mutated_desert": "DESERT",
    "minecraft:mutated_extreme_hills": "MOUNTAINS_SNOW_CAPS",
    "minecraft:mutated_extreme_hills_with_trees": "MOUNTAINS_SNOW_CAPS",
    "minecraft:mutated_forest": "FOREST_FLOWERS",
    "minecraft:mutated_ice_flats": "ICE_SPIKES",
    "minecraft:mutated_jungle": "JUNGLE_CLIFFS",
    "minecraft:mutated_jungle_edge": "JUNGLE_EDGE_HILLS",
    "minecraft:mutated_mesa": "BRYCE",
    "minecraft:mutated_mesa_clear_rock": "PLATEAU_MESA_LOW",
    "minecraft:mutated_mesa_rock": "PLATEAU_MESA_TREES_LOW",
    "minecraft:mutated_plains": "SUNFLOWERS",
    "minecraft:mutated_redwood_taiga": "MEGA_SPRUCE",
    "minecraft:mutated_redwood_taiga_hills": "MEGA_SPRUCE_HILLS",
    "minecraft:mutated_roofed_forest": "DENSE_FOREST_HILLS",
    "minecraft:mutated_savanna": "SAVANNA_CLIFFS",
    "minecraft:mutated_savanna_rock": "PLATEAU_SAVANNA_M",
    "minecraft:mutated_swampland": "SWAMP_HILLS",
    "minecraft:mutated_taiga": "PINES_HILLS",
    "minecraft:mutated_taiga_cold": "SNOW_PINES_HILLS",
    "minecraft:ocean": "WATER",
    "minecraft:plains": "PLAINS",
    "minecraft:redwood_taiga": "MEGA_TAIGA",
    "minecraft:redwood_taiga_hills": "MEGA_TAIGA_HILLS",
    "minecraft:river": "WATER",
    "minecraft:roofed_forest": "DENSE_FOREST",
    "minecraft:savanna": "SAVANNA",
    "minecraft:savanna_rock": "PLATEAU_SAVANNA",
    "minecraft:sky": "SHORE",
    "minecraft:smaller_extreme_hills": "MOUNTAINS",
    "minecraft:stone_beach": "ROCK_SHORE",
    "minecraft:swampland": "SWAMP",
    "minecraft:taiga": "PINES",
    "minecraft:taiga_cold": "SNOW_PINES",
    "minecraft:taiga_cold_hills": "SNOW_PINES_HILLS",
    "minecraft:taiga_hills": "PINES_HILLS",
    "minecraft:void": "END_VOID",
    "netherex:arctic_abyss": "SNOW",
    "netherex:fungi_forest": "SAVANNA",
    "netherex:ruthless_sands": "SAVANNA",
    "netherex:torrid_wasteland": "SAVANNA",
    "plants2:crystal_forest": "FOREST",
    "swampland:mangroveforest": "FOREST",
    "swampland:willowforest": "FOREST",
    "traverse:arid_highland": "MOUNTAINS_NAKED",
    "traverse:autumnal_wooded_hills": "FOREST_HILLS",
    "traverse:autumnal_woods": "FOREST",
    "traverse:badlands": "DESERT",
    "traverse:birch_forested_hills": "FOREST_HILLS",
    "traverse:cliffs": "MOUNTAINS_NAKED",
    "traverse:desert_shrubland": "PLAINS",
    "traverse:forested_hills": "FOREST_HILLS",
    "traverse:glacier": "MOUNTAINS_NAKED",
    "traverse:glacier_spikes": "MOUNTAINS_NAKED",
    "traverse:green_swamp": "SWAMP",
    "traverse:lush_hills": "HILLS",
    "traverse:meadow": "PLAINS",
    "traverse:mini_jungle": "JUNGLE",
    "traverse:mountainous_desert": "MOUNTAINS_NAKED",
    "traverse:red_desert": "PLAINS",
    "traverse:rocky_plains": "HILLS",
    "traverse:rocky_plateau": "MOUNTAINS_NAKED",
    "traverse:snowy_coniferous_forest": "PINES",
    "traverse:temperate_rainforest": "PINES",
    "traverse:thicket": "DENSE_FOREST",
    "traverse:woodlands": "PLAINS",
    "twilightforest:dark_forest": "DENSE_FOREST",
    "twilightforest:dark_forest_center": "DENSE_FOREST",
    "twilightforest:deep_mushroom_forest": "FOREST",
    "twilightforest:dense_twilight_forest": "DENSE_FOREST",
    "twilightforest:enchanted_forest": "FOREST",
    "twilightforest:fire_swamp": "SWAMP",
    "twilightforest:firefly_forest": "FOREST",
    "twilightforest:highlands_center": "PLATEAU_MESA",
    "twilightforest:mushroom_forest": "FOREST",
    "twilightforest:oak_savannah": "SPARSE_FOREST",
    "twilightforest:snowy_forest": "PINES",
    "twilightforest:spooky_forest": "DENSE_FOREST",
    "twilightforest:thornlands": "HILLS",
    "twilightforest:twilight_clearing": "PLAINS",
    "twilightforest:twilight_forest": "FOREST",
    "twilightforest:twilight_glacier": "SNOW",
    "twilightforest:twilight_highlands": "PINES_HILLS",
    "twilightforest:twilight_lake": "WATER",
    "twilightforest:twilight_stream": "WATER",
    "twilightforest:twilight_swamp": "SWAMP",
    "wrd:dungeonsssssssss": "PLAINS"
  }
}